0.051566546525273704;0.012158079096474619;0.04290418074537255;0
0.024679974182279726;0.0029849603721041782;0.023742126744270727;0
0.05822024092285498;0.01522564831748065;0.04594059215060491;0
0.04608107349064049;0.009936122218890316;0.039884970754050786;0
0.05669154634986657;0.0145213444075094;0.04528010317791546;0
0.06127836027989651;0.016651505680628835;0.04706031316583143;0
0.05569078801450708;0.014091133916041196;0.04488391701930547;0
0.06295582826083665;0.017468338986685397;0.047537516273457335;0
0.06133670492116817;0.01670753270655631;0.04708951427566676;0
0.0537665277081674;0.013286595819970326;0.043936170792473056;0
0.06273241500659935;0.01731014628042696;0.04758067440328078;0
0.019000878847056934;0.0018146183176169638;0.018569586177108802;0
0.05737075483770539;0.014807865826784786;0.04562055997882177;0
0.04618015228246207;0.00996149085279173;0.03995625439227153;0
0.05740328258298526;0.014822407021085974;0.045541352225203204;0
0.061237111227245476;0.01664046983890078;0.047049591341803;0
0.05486709516317034;0.013704818948631636;0.04452978307449534;0
0.06251711988276978;0.01722901554563069;0.04739155163849006;0
0.05930034596558599;0.015722884841802103;0.046400359995485925;0
0.05965229985944967;0.015913684598871367;0.046423958820099365;0
0.06582396218119914;0.0188721532606926;0.0483617408888312;0
0.056962159003009195;0.014660528239606145;0.04544660366374346;0
0.04842277526884302;0.010893853400350654;0.04130898141698213;0
0.05450744567323117;0.013446401819315864;0.04428935859485465;0
0.0547789215386234;0.013622870931446008;0.04453560757778127;0
0.06574862711161106;0.018833736771963518;0.048336688013501376;0
0.05643726755429092;0.014389218528469232;0.045222619291098144;0
0.059077435403848896;0.015634225962271264;0.04619861977495527;0
0.04845344332421701;0.01089250636251587;0.04121407070350584;0
0.06458594873633897;0.01823933520404302;0.04799888069582538;0
0.05763806281586739;0.014902431051115085;0.04577021496920667;0
0.04902041096536349;0.011185512833978072;0.04151052433392775;0
0.054030287126615964;0.013279397174493918;0.04405653771340188;0
0.05577707418987879;0.014131525552806086;0.044924093454118345;0
0.06608949585787705;0.018998958747277174;0.04840134921736014;0
0.056648391500198764;0.014506103757619206;0.04525637163495159;0
0.05796174502096846;0.015134877723619579;0.045800874069595966;0
0.05213179650529396;0.012553860518550598;0.04314608328360186;0
0.04933549405230931;0.011308998425355488;0.04174950407091977;0
0.054867834652015154;0.013768850053164252;0.044474189795850515;0
0.0552393245273214;0.013915334706180714;0.0446316522767443;0
0.032630157457600416;0.005128544395384514;0.03046900776794429;0
0.050460818197318735;0.011730879428151148;0.042290034893427884;0
0.057980009716578636;0.015021944148673002;0.04592343330904304;0
0.048569306536765555;0.010821226440388685;0.0414334084184742;0
0.0636884884451292;0.017860850561162413;0.047713305169879885;0
0.06001243446205788;0.016054895225216498;0.046675987450355706;0
0.052238637076307666;0.012564016162371815;0.043205718725734005;0
0.0493940222923485;0.011350288263993298;0.041807833237410594;0
0.054797336223128046;0.013691483653989171;0.04445799461335929;0
0.05457377100432858;0.01362554880567865;0.04433006954414649;0
0.0321006545302832;0.004990247545995978;0.03003193615067454;0
0.06233648462425846;0.01712499563167057;0.047445030167216413;0
0.05812346293191185;0.015110900669635694;0.045895599671044764;0
0.04869025974037738;0.010901988534628405;0.04147118982862825;0
0.15304848553949085;0.018435194049638094;0.05745298223967077;0
0.046769068887529026;0.010181664304748372;0.04020303646206171;0
0.06010896387287974;0.016115250821307443;0.04660111893025853;0
0.05970291917593869;0.015921493840091346;0.04654142463375886;0
0.05315076179201444;0.012969148819262137;0.043668998587103935;0
0.058510317660480746;0.015301754922113449;0.046064454488053984;0
0.06262253127522298;0.01738154643418592;0.047442383034699366;0
0.05464109190580443;0.013560457367574538;0.0444235650390722;0
0.05438692755206166;0.013475440206724103;0.04423701959127674;0
0.05465612773732189;0.013642357359587078;0.04439760951594234;0
0.04691887567732896;0.010276360017608703;0.04028583975983257;0
0.06043743443895441;0.016321053932393036;0.046762795293651266;0
0.060863384056799606;0.016434123866971136;0.04690918173603217;0
0.0533671987886058;0.013082184989222683;0.04378314083475066;0
0.05944052063764702;0.0156891391528959;0.04645196011959076;0
0.062150578921598865;0.017192058757113587;0.04728154299146811;0
0.05465094954483633;0.013548981475927029;0.04446623102903395;0
0.15532554609316934;0.02763691975274942;0.0703321678116344;0
0.061392487434561736;0.016671282146626092;0.04705745529707693;0
0.05622500956718601;0.0143137435913351;0.045104907108431715;0
0.0650622441019367;0.01846425494409851;0.04814942770471073;0
0.04879910553077911;0.011041510662506753;0.04150652397672626;0
0.053873410440382144;0.013165307157615573;0.04407737563405763;0
0.053283870884510115;0.013021149934937349;0.043682823941441955;0
0.04168312045343889;0.008222567567829792;0.03709777275954869;0
0.04987386106225497;0.011546548786647208;0.04203100552016907;0
0.05638767771010203;0.01426672907421134;0.04518967373363429;0
0.059496198785747786;0.01583505991480748;0.04636768695385469;0
0.0655250488267565;0.01880678748926286;0.04833675605990446;0
0.05630553738282183;0.014322065320816247;0.04516222471107648;0
0.05083334514058611;0.011924851480759039;0.04253019671089303;0
0.048931398075987495;0.011124962596638543;0.041577434694810206;0
0.053849737860227634;0.013150263330446652;0.04413581610595281;0
0.053470121534230565;0.013151732924075668;0.043785206292496784;0
0.041673935244371255;0.008248709094347856;0.037041171045134436;0
0.04985462964048551;0.01153348312452679;0.04206077527054089;0
0.056409528690716165;0.014267476256980629;0.04521096527414739;0
0.04942921522558577;0.011164108150758646;0.04225432050060553;0
0.04646284176053499;0.010302910260523324;0.04052366834325769;0
0.042582968048665265;0.008028070940251767;0.03797883388556153;0
0.043540335419636464;0.008401197086113915;0.03861088731522619;0
0.028743021246290676;0.0041512204218475115;0.027516809168962875;0
0.04727220319650676;0.010397849137675429;0.04102004694055301;0
0.046562528396827396;0.00990575773561566;0.040573723316964294;0
0.028495724336158518;0.004052240755422137;0.02731797642885115;0
0.04604532234959262;0.009879569931585107;0.04025648810385085;0
0.05096010812858295;0.012103843307858554;0.04317090218335191;0
0.04488255553897005;0.0094596631634294;0.03949250724544515;0
0.04272950149692439;0.0081481976313227;0.038130676758361515;0
0.043678683239141605;0.008581003385462147;0.03868267912512025;0
0.028649275045703096;0.004127054234107067;0.02743416143056806;0
0.046469692135492555;0.009938086331397748;0.0404977196429026;0
0.046237714242495745;0.009599754542344114;0.04032463823997266;0
0.055150159649425656;0.014605850478756404;0.045372234937792785;0
0.04707927209699879;0.010520673448115529;0.04088078754376265;0
0.04939992172748662;0.011195193021895204;0.04226828071543322;0
0.044122300709107415;0.008875110347755538;0.039004187896773485;0
0.042913557445104875;0.00824812605396899;0.038222929557225144;0
0.05059263513935666;0.012333427576733249;0.04305582012100437;0
0.04964349307309616;0.011269957444321823;0.04240391364733708;0
0.045965577977517796;0.009815666123686947;0.040175666411480696;0
0.028379245299754892;0.004022405877668662;0.027214870703745047;0
0.046866899428129986;0.009824833104295803;0.04076058518498109;0
0.04540259190005627;0.00920973937221234;0.03985928434454094;0
0.04873614966008675;0.010676831065731937;0.04178878143583443;0
0.044971453305091676;0.00942076527219401;0.03953342580629445;0
0.042743045798111834;0.008000349358686739;0.03814324269966259;0
0.026462354562771316;0.003493344946483307;0.02552336814258128;0
0.0510856175963495;0.01215113598865694;0.04318662849358028;0
0.04697790626671784;0.010374822911220279;0.040822997189892865;0
0.028366308610347203;0.004040837685885633;0.027190688633441307;0
0.04741656147799651;0.010247662356099118;0.04105709231753983;0
0.04530841037182657;0.009150683285517438;0.03976752894825447;0
0.05169258414503435;0.012625398722190524;0.0436016522724962;0
0.04524775832373601;0.009347667061171724;0.03976225228214526;0
0.02949906107798561;0.004350743327126157;0.028184153703096806;0
0.026431898837187155;0.0034763274716026657;0.025501004928392138;0
0.0430559317765966;0.008191796698676496;0.03828024242640996;0
0.0440159175110519;0.008566239593779678;0.038949376084401834;0
0.028850745623849688;0.00418548385824018;0.027609377150619764;0
0.04692936772532999;0.010121364587298646;0.04077170802783657;0
0.04699270451733414;0.010086508048419728;0.04084742060894763;0
0.05086037175685297;0.012176447492991167;0.04305622363100713;0
0.04558242094336571;0.009556256329536317;0.03997042100263747;0
0.02943211545064397;0.004354758397157646;0.02811231944164769;0
0.04851646133252582;0.01127399455583872;0.041854992008287115;0
0.043079447600637644;0.008228680572918277;0.03829231574991927;0
0.04404907013586701;0.00862045552392805;0.038972067766293125;0
0.02883071553619102;0.004174013824750595;0.027595550270663512;0
0.0468257613390533;0.010047588658133351;0.04070170758943904;0
0.046990366511545076;0.010064015973961081;0.04081542273258098;0
0.047210385253366835;0.010092858558531934;0.04100400491237871;0
0.053767644190091606;0.01394533509206615;0.04471731907990671;0
0.05216910501840516;0.012840998948119353;0.04375425263707147;0
0.04378528427089981;0.008562086370795604;0.038845948204745184;0
0.048602554521700286;0.011394421220422167;0.041822886279309066;0
0.04377464539531945;0.008728084949253078;0.03875366571559201;0
0.048989117170634644;0.010644039854289624;0.041914545617510894;0
0.04487265003557794;0.00886379794501974;0.03949210479980165;0
0.05021946600012797;0.011803898244750479;0.04278716882290569;0
0.047209538555889434;0.010084495973799366;0.04091973132096807;0
0.05001042667943613;0.011897580905722021;0.04269895416805377;0
0.050539913682180096;0.011849091301442086;0.04292360318124306;0
0.04363924958989556;0.008419247441251498;0.03876100813047333;0
0.0461365419978136;0.010057803387972823;0.04034793082574881;0
0.04414197367372957;0.008978389091841763;0.038982663622745196;0
0.048963341323202826;0.010699905565420966;0.04202137144179879;0
0.044886184177573674;0.008905952031164161;0.03949530608837843;0
0.05205911004104122;0.01288451582108201;0.04374098325610241;0
0.02761764607226578;0.003825045119481836;0.026536810818652286;0
0.05070006999492968;0.012240999318571796;0.043033509349150394;0
0.028509621838109768;0.004083797604378542;0.02731446519094973;0
0.04414282254878484;0.008732215558779037;0.03901294660532761;0
0.05044155756406753;0.011762829978828786;0.04278252362659834;0
0.044102764015255334;0.009007936165419035;0.039021339917758316;0
0.04595312941321884;0.009970856838229887;0.04027669254317924;0
0.04672334982364042;0.010249087718653049;0.0407112928333177;0
0.053950122592387795;0.013931075221500522;0.04474048241782172;0
0.027627732422029504;0.003826945387041089;0.02654624660796455;0
0.05181298601435284;0.012809411275476643;0.043693134353073294;0
0.02853886304284012;0.004094460032075515;0.0273385267465719;0
0.04419076594015581;0.008763420125835215;0.03902439121573839;0
0.051158159166876216;0.01223060646511289;0.04323492585299357;0
0.04443140943741823;0.009191670008126268;0.0392387594980985;0
0.04534634473893574;0.009652408298886502;0.03987276683255486;0
0.04623835021757407;0.010015999773006348;0.04038604484572766;0
0.028887221437394868;0.004166703125921312;0.027657286361278285;0
0.05423762320273824;0.014719671332928742;0.04551468774687978;0
0.05145740400445239;0.013285284696651281;0.04405103329425919;0
0.054371774733334904;0.014716508787637252;0.04566099620990322;0
0.051191350828654655;0.013145871505398914;0.043920824852141736;0
0.05223580229221736;0.013482533064265254;0.04458113872640761;0
0.050182116909994016;0.012609699970427614;0.04335063623526724;0
0.05283081974302123;0.014015299356757124;0.044766409775014525;0
0.05105874434946113;0.012955820827757257;0.04390629902080129;0
0.052495289506778474;0.01380520811890191;0.044646042044513244;0
0.05602433635825435;0.015540831775151661;0.04645446504788425;0
0.0514020072577626;0.013221891831351478;0.04407641706053013;0
0.05733894577172491;0.016157813270223503;0.0470343068781178;0
0.05137564645502581;0.013213721467035096;0.044057206201740765;0
0.053563556371540096;0.014206558821496603;0.04523692589093497;0
0.04997473114523038;0.012523433715112131;0.04323384304608749;0
0.04970056837294097;0.0123830356694037;0.043067008746083615;0
0.04960712752964572;0.012351672862888012;0.043016624103286494;0
0.0546109450332903;0.01475502484084437;0.04580191818679287;0
0.054437137795307455;0.01462483989020807;0.045672172201648105;0
0.05015817566496368;0.012624032619075843;0.04332186140882283;0
0.049966766717006186;0.012487427620862706;0.04323915438741845;0
0.049589193554127844;0.012352042942835508;0.04299738626177425;0
0.054405472075423525;0.014755869652872353;0.045584081860241696;0
0.05313170838704276;0.014017885105426852;0.04501124143547493;0
0.054585771585065126;0.01490212707744011;0.04567712321527955;0
0.05269174774779464;0.013845173878130269;0.04474286173256183;0
0.054844572769326465;0.014927193315250224;0.0459227675364556;0
0.06468144988970356;0.005778893492530489;0.06316937060480424;0
0.13749479587291433;0.025145673393282757;0.12422751416869514;0
0.07714047784403474;0.008247893056234542;0.07474442857106822;0
0.12794674473685477;0.022033075936935632;0.1172892108816815;0
0.06601673137711747;0.005827423138500536;0.06464146154634852;0
0.08172345744078795;0.008981349020900269;0.07892524675899933;0
0.21918010267110993;0.058992267971589546;0.1685354004727124;0
0.059043941683347326;0.005022745317560175;0.05793928288259301;0
0.22317725892100904;0.060853611896633124;0.17009264204699784;0
0.10363775332132032;0.014590521059040792;0.09806596752405461;0
0.1843041272072757;0.04333949662790354;0.15351389377001803;0
0.04113159217637602;0.002338943113172285;0.04078228772048418;0
0.0653062128469032;0.005878796012094184;0.0637535008423906;0
0.13924109810988686;0.025804680632174934;0.12550268577905957;0
0.07365077942255348;0.007447319400332732;0.07151260162308534;0
0.1263226155611927;0.021389259760272738;0.11611633293285761;0
0.06517617847619109;0.0057454014032277565;0.06384702999741536;0
0.07995043582361941;0.008691115603789306;0.07733204713846398;0
0.2189879236467017;0.05884302728451737;0.16841333751622592;0
0.05775488129664644;0.004758909697499725;0.056733583292717576;0
0.2256493001510623;0.06190805537325394;0.17095169439895055;0
0.1020932034922726;0.014184839673625313;0.09670493139690628;0
0.19029270710621923;0.045736544716825284;0.15680333964738563;0
0.04036107386909231;0.0022489105739634634;0.04003563678127578;0
0.22945897697941106;0.06386241336217066;0.1720793434166626;0
0.15355285267498714;0.030779306796143813;0.13553815843164574;0
0.06640831266792557;0.006114109705557938;0.06500898331186515;0
0.14048530131227346;0.02617366829789417;0.12632705182647236;0
0.0667369119737779;0.006173731318302261;0.06512690546992052;0
0.1490019973339216;0.029265006577178485;0.13239257933097787;0
0.05580823672396409;0.004298000171258386;0.05489746938473235;0
0.17934802441265404;0.04113234716776225;0.15069900521597926;0
0.20624976416787433;0.05313610632006503;0.16383267898484458;0
0.22035105621096052;0.05958755419493191;0.16909516608135552;0
0.21442234651088582;0.0569065221463494;0.1668057236499638;0
0.21674216191885004;0.05793272571836144;0.16771431737578035;0
0.22974289745844645;0.06415023961654928;0.17190676642298947;0
0.15446539180304653;0.031075756522374914;0.1361824987352491;0
0.06586784013581852;0.00606186082595399;0.06448970130420528;0
0.14196636093634113;0.026725584624627735;0.12739968087070208;0
0.06608418613472226;0.006068969813559377;0.0645251009814948;0
0.14967077861872777;0.029477947203437913;0.1328895771120676;0
0.05540584464986583;0.0042858195328232766;0.054491722667485094;0
0.1794599614522232;0.04119326618221627;0.15076462018201228;0
0.2071276155240558;0.05353300935914232;0.16421416677221984;0
0.22134444748448237;0.06006918570103747;0.16938169762402605;0
0.2147641934809368;0.05709447841603764;0.1670406001521239;0
0.21768330778191516;0.05836347258490748;0.16806201093748802;0
0.22058504268415718;0.0598025289380127;0.16913755276838013;0
0.17371906413049412;0.03886498267997732;0.1475617047262172;0
0.03076357027480147;0.0013071226245369883;0.03060370902816027;0
0.0995265133754013;0.013550643649119436;0.094654325352943;0
0.1413872317649633;0.02647917143947983;0.12695209199730584;0
0.06347553204426422;0.005527559444250892;0.06211384668505843;0
0.15510259740923119;0.03127768958379096;0.13666027380801243;0
0.07469893292592053;0.007579000870769632;0.07264590142327393;0
0.07927964865189567;0.008644234467183003;0.07671558265790493;0
0.18313365515389188;0.04284573891052137;0.15290415918920133;0
0.05439748036434651;0.003984407994931417;0.05374077542592535;0
0.20072595600842255;0.05040751206239409;0.16142478344469952;0
0.22931031326623957;0.06396574310687148;0.17170509960065447;0
0.2062863973795569;0.05305350098987179;0.1636476951874668;0
0.2211150731362848;0.05999386670870496;0.16931944074326394;0
0.17431684993522628;0.0391226400778343;0.14789649271302957;0
0.03101249511121793;0.0013336200248551724;0.030851139762735628;0
0.07071344287160226;0.007047687346636557;0.06882908395835811;0
0.14215446562539802;0.026720964987095155;0.1274850103563242;0
0.06373818472154347;0.0055814964611427455;0.06236000273713149;0
0.13832182615003297;0.025377384893456336;0.12511513290630127;0
0.07081235370178017;0.006904637588289001;0.06899190108971069;0
0.07914553995548995;0.008604710725745084;0.0765989016974801;0
0.1845113051961857;0.04342881036933138;0.1537219434571932;0
0.05328575537290258;0.0038791476621248266;0.052649935434758925;0
0.20124320265574655;0.05063975897917226;0.1616199618171769;0
0.230490020475705;0.06446659231141609;0.17214009659689788;0
0.2074473904990254;0.05357398760865346;0.1640474002156968;0
0.20257914764862578;0.05123812330361821;0.16211250190901744;0
0.20776810125570974;0.053844109132786595;0.1645028697246315;0
0.1927078460808469;0.04684239358199964;0.15782970119943482;0
0.14830131930244514;0.02908042591185811;0.13192494350553421;0
0.04383392808454313;0.0027019001427567102;0.043381685806722727;0
0.1480387499803261;0.028814951196623015;0.13167331711066382;0
0.06737409601453219;0.00640291469248519;0.06571320769882387;0
0.1547419997846043;0.031183166352152285;0.13637617975132243;0
0.045969813388293986;0.0028399428834036404;0.04547760742519265;0
0.2053018007515688;0.052617064498185935;0.163433157498717;0
0.21916859952754278;0.05903735039497964;0.16852635557071724;0
0.21821246851259563;0.058519262799116956;0.16809842332396965;0
0.20305845270095324;0.051499937442167014;0.16230272786432703;0
0.20825065398156917;0.05406226827754352;0.16473664086154466;0
0.19300294886303276;0.04696675125833052;0.15797788547821953;0
0.14828092487374725;0.029061873086846234;0.13191963393654535;0
0.04453740883515761;0.0028538666997424992;0.04404886092088468;0
0.1481813141560678;0.0288598011920231;0.13177114850043406;0
0.06819245721896293;0.006501458478664706;0.0664848381096055;0
0.1550105246508742;0.031274647798663034;0.13656444993218284;0
0.04636682853453661;0.0028687960263420595;0.045857151226333194;0
0.2061075283629195;0.05299863977697384;0.1636735499457792;0
0.2200446698531364;0.05943348027635386;0.16885362620053815;0
0.2181924318161097;0.05856434196593963;0.16813645247026526;0
0.2318260589740867;0.065199470201545;0.17244821024853904;0
0.06142827647464861;0.005138555946400009;0.06022151493294792;0
0.20117700530549973;0.05090760182437136;0.16144090947392742;0
0.08027754991256172;0.009091601775939132;0.07754560791406506;0
0.0668773845669913;0.0060829031406587864;0.06545744408061202;0
0.12749839639232516;0.021544914200368057;0.11709310690627364;0
0.16011270400137925;0.03319088821599271;0.13996607830379454;0
0.06629764656405131;0.006122306476572839;0.06484153116425045;0
0.07877968554828253;0.00853337148865812;0.0762803116218217;0
0.18866513317824626;0.04509828375143575;0.1558989223576445;0
0.02649096452385482;0.0010652620975281056;0.026403743040540145;0
0.10672181367185336;0.015401342952020594;0.10036853656378812;0
0.23304269476179829;0.06578922626866662;0.17279432131836123;0
0.0901043127751956;0.010970932822410283;0.08657834245645027;0
0.22492701140935548;0.06166375329529005;0.17071175287105284;0
0.07939100004958341;0.008921873973314141;0.07674183492673466;0
0.06618830173244974;0.006041848120653831;0.06478373769440424;0
0.12697078900679093;0.0214493966482743;0.11664614248331268;0
0.15627010687988357;0.03193985443012015;0.1372678104235884;0
0.07286289371395499;0.007377084728392763;0.07083325110584159;0
0.07979521086055917;0.008716941202689744;0.07721420840937493;0
0.18754997806329582;0.04457656897837977;0.155244666411642;0
0.027149945792009217;0.001203669598111134;0.02704186091960924;0
0.1053694116870654;0.01505146013830194;0.09922216304433241;0
0.08318170677550255;0.009282948360086377;0.08042787553103233;0
0.18105820400544573;0.042111800365550456;0.1518417177282929;0
0.2107348995467074;0.05519393867379551;0.16535739724388127;0
0.07201718331762383;0.006781946482144493;0.07031426646733971;0
0.2363303209888154;0.0673771793189772;0.17374778600630486;0
0.21345510229618192;0.05662748335222042;0.16659884664735503;0
0.2410414449416426;0.0698495948834447;0.17520745155100764;0
0.19035013711779758;0.04608926259287542;0.15677531901259423;0
0.21362144154272394;0.056669231086928534;0.16659544298879386;0
0.19607183225397817;0.04832130872935338;0.15971214154695973;0
0.08371827484728658;0.009398349925742868;0.08089917069520043;0
0.21977304245529045;0.05940476792552582;0.16899856272955793;0
0.2103770940346024;0.054976969205556364;0.16522534420001309;0
0.07139750357388375;0.006589547563043336;0.06979311174278079;0
0.23537268921345525;0.06690975503213116;0.1736185992101517;0
0.2142993199913042;0.056956920236811044;0.16684262308917028;0
0.2276081680531331;0.06305669828241853;0.17189778805495864;0
0.19046284908130307;0.04624375026568336;0.15668179469007895;0
0.21219434343362983;0.05612657036866797;0.1662565873958745;0
0.1959454156047039;0.048321974299698645;0.15958146947958995;0
0.18752948690354218;0.045144269059335454;0.15531408995978196;0
0.22336906135193635;0.06103242131884611;0.17024941692535636;0
0.2091159718718289;0.054333318801053236;0.16472913051980068;0
0.22227036283579524;0.06060884362989218;0.16985222328475041;0
0.19239037960015443;0.046860163050602345;0.15777208273151697;0
0.18008266251718028;0.04158940494202517;0.1513306314198506;0
0.20503203510459755;0.0523676204577374;0.16354791240789301;0
0.21137476840319283;0.05561797142183029;0.16576339056839218;0
0.180511929051284;0.04176663085445634;0.15158256777575196;0
0.18838262831192698;0.04550376415712664;0.15565959546813862;0
0.22455073484635577;0.061645557987480115;0.17072062093385543;0
0.20923483247863378;0.05438010492544722;0.16485840052501916;0
0.22165043893655184;0.0603952862711547;0.16966836355411383;0
0.1919343402163684;0.04674552143368418;0.15746852354644503;0
0.18012671869286637;0.04160562244360667;0.15137723206181136;0
0.20642501312223682;0.05300429169482748;0.1640126814781486;0
0.2099055363471501;0.054883353320454194;0.16518647655913735;0
0.1806533834839552;0.04182692863328722;0.15164856475900326;0
0.18069982325045142;0.04155768780294319;0.15192385503017045;0
0.2003951436536833;0.050478386332888016;0.16152870753651818;0
0.10553673429850084;0.014917686120977956;0.09994223655811481;0
0.21294802638377605;0.05623995143508782;0.16631196978895105;0
0.18308352187578011;0.042857852130407784;0.1529360215066346;0
0.09111684329312084;0.011693415147718086;0.0872468294985282;0
0.19771716158934438;0.04912961627411053;0.16036856579906178;0
0.21864448019237673;0.058970144146541295;0.16853618337479392;0
0.1918575013736459;0.04702843464216042;0.15719859842285736;0
0.2316890303932059;0.06507656800364564;0.172629648167854;0
0.1809680311970291;0.0416863496593225;0.15207026713341;0
0.20128115559051182;0.05087594320473223;0.1618748762514247;0
0.10665955217963886;0.015158414951243506;0.10092725129924172;0
0.21335983666919714;0.05641724904144267;0.16643014403292855;0
0.18315199673777116;0.04291425095309707;0.15297420408640172;0
0.09085117492299952;0.011657894528212203;0.08699277153124128;0
0.19811927477030833;0.04930147191669242;0.16050836684674757;0
0.21847586400394434;0.05891291261377174;0.16847551765566862;0
0.19202301223097176;0.04711294727744723;0.15728051959633652;0
0.468465700386398;0.06428716695172514;0.348710974789382;0
0.21050597549862554;0.055136801333811644;0.16596120213828874;0
0.18771923898092796;0.044931759313055986;0.15532242507455815;0
0.18856116983870447;0.045052611332784556;0.1556470020396982;0
0.214386238597424;0.05684552995701613;0.167168499341246;0
0.22492192059971944;0.061830951971326514;0.17085804237467175;0
0.18656111880430878;0.04448369993005373;0.1550277112452115;0
0.2129525548482567;0.05627055584973668;0.1662723710047074;0
0.20431742131340497;0.05203260708607415;0.16310701289593774;0
0.2037956714507235;0.05192840591016286;0.16277145791932296;0
0.21077451541272174;0.055275298958529215;0.16601088523342594;0
0.18764244008437653;0.044896858225652675;0.155317295303752;0
0.18871531948896691;0.0451298708851757;0.15571639787240776;0
0.21471348867926757;0.05700504337079935;0.1672838389404773;0
0.2247924447287861;0.06180524514658194;0.17081827882114783;0
0.18664538117104945;0.0444988363454017;0.1550630327078503;0
0.2131617322762991;0.05638088103503844;0.16637174995654858;0
0.48476935121430836;0.07004555651021813;0.34789603287752274;0
0.1896962630152362;0.04570278328994453;0.1565425941040597;0
0.21402962398080871;0.056892204975210824;0.16721162347451093;0
0.19931590298274995;0.05022148850736292;0.16072949811233614;0
0.07595904905326743;0.007720622129899298;0.0737798284593289;0
0.2146929188194578;0.05720479940007689;0.16711217573446938;0
0.2225261134711107;0.06075968986310239;0.1700157461431381;0
0.10562330043168061;0.014764064833650774;0.10012959143843914;0
0.20191036290120554;0.051134006757618804;0.16199310867293204;0
0.22353862925139378;0.06166341435005428;0.1700530894820577;0
0.2298220070573046;0.06409761609615768;0.1724275295720923;0
0.18978488621502423;0.04570341776081607;0.15664000498879593;0
0.21374420283506515;0.05673516085047192;0.16717667807744135;0
0.19984455477622054;0.05047231591752203;0.1609651364862205;0
0.07555764834462915;0.007612158095142569;0.07343878936564739;0
0.2144057793328911;0.057040756297590846;0.16691257834084985;0
0.22508713939493163;0.06192743483679963;0.17098142498705532;0
0.10671289374016671;0.014982400717856092;0.10109854952350252;0
0.20074321153929878;0.050582957165863925;0.16154454010294222;0
0.21824777777079468;0.05890399388753974;0.16842291777340349;0
0.10306624997086558;0.014690931682170224;0.09831906276881418;0
0.20733532368380303;0.05377072760976091;0.16438664803509773;0
0.1641849602096776;0.034754648831875616;0.1423815480619053;0
0.08044112020403699;0.008850730705410396;0.07801641710177232;0
0.2204261892056898;0.05980652789339487;0.16931597437156526;0
0.19930649369000358;0.05048158737446367;0.16116013767975992;0
0.2416887908256313;0.07065127331482264;0.1751885679525746;0
0.18098453032076123;0.041853753957438615;0.152237910278603;0
0.19093497015878985;0.04590412378005842;0.1570965837620369;0
0.16987338231844262;0.03706610532088547;0.14601601249983664;0
0.10326177995035901;0.014728188224460138;0.09849746523322651;0
0.20751189165426212;0.0538406754666134;0.16447045673001234;0
0.2239182917068516;0.06187386575394155;0.1709358585639654;0
0.05744931135201686;0.004823589246551263;0.05661897561573885;0
0.22172536497704112;0.060346952888568776;0.1697551476892138;0
0.19886174512467672;0.050301105401729045;0.16090793765162653;0
0.24393498573399333;0.07174492973232696;0.17554935453979784;0
0.18135424013171308;0.04206139188680768;0.15239516608638143;0
0.19096973409881018;0.04593180811407406;0.15712520658237675;0
0.16997096622576255;0.037084353674185166;0.1461286031669646;0
0.19759743782915118;0.04932591267075816;0.16029384657799176;0
0.2251614402505539;0.06235656620541234;0.17111843891596448;0
0.16309329461043034;0.03436876971091046;0.14196520262229143;0
0.1667931696970277;0.03577896846379098;0.14417837024641894;0
0.19818321115878543;0.049615116411446024;0.16061644178720222;0
0.22721321916060902;0.06319428996097805;0.17203984071396977;0
0.19345590901391888;0.04744001013280165;0.15896897417019532;0
0.192110248735079;0.04691003303439745;0.15811748954450514;0
0.23764758356483573;0.06808354046885604;0.17448006490448925;0
0.19814367010400977;0.04960886471856262;0.16057871151721298;0
0.2211719309696606;0.06019772838022898;0.16963789321332326;0
0.16316994634322837;0.034398423930121345;0.1420188926429045;0
0.16684935260710276;0.03580052345648668;0.1442101293711681;0
0.1982904012132905;0.04966479657211496;0.16066993092282644;0
0.2282795299860075;0.0637103635977283;0.1722551136789683;0
0.19312451966267702;0.04733536372505658;0.1587079229956369;0
0.1921431724928485;0.046928229322626164;0.15812239415448417;0
0.237748400830917;0.06812846954120919;0.1745098570304463;0
0.197256356715683;0.0496840043802033;0.16011966122970459;0
0.22656835859072108;0.06279855530737044;0.17153907586708506;0
0.07945882978798809;0.008441441670446317;0.07718528277454828;0
0.1649727421366158;0.03506573661371002;0.142919402867701;0
0.20860878781823936;0.05439236190713031;0.16487626141352688;0
0.05374914895402078;0.0038941754344187104;0.053176840776471765;0
0.17059968623677946;0.03733266076978353;0.14643232681190593;0
0.19186759868540534;0.04654799154181105;0.15778428460450855;0
0.18211908369580537;0.04240072178196393;0.15279280942484644;0
0.18949883863017067;0.046176759466774187;0.15646087911726675;0
0.1979127887985892;0.04997437223111563;0.16041549883605025;0
0.22590758580170778;0.062402578965439624;0.17122850530099634;0
0.0796165707542427;0.008493989248480683;0.07732360172706168;0
0.1650074307880675;0.03506905739650329;0.14292427176310296;0
0.20886394670232358;0.054487917600295394;0.16500273772377372;0
0.05388391528065708;0.003931250257747935;0.05330192323656186;0
0.17067595213296086;0.037340712310123515;0.14654227167355496;0
0.19192205877466217;0.046615091730598884;0.15792553745798685;0
0.18259649023203248;0.042658668543044474;0.15300832070312897;0
0.18805777459950543;0.04544604985303803;0.15581456389203976;0
0.188678711370457;0.04537222736304341;0.15600181101182262;0
0.17768556814683625;0.04070649323055677;0.15018941487071474;0
0.20916499571164454;0.054867004818369744;0.16542883763217395;0
0.21419777151505945;0.05684985841691556;0.1671909929790561;0
0.16377980894030225;0.03472900642547866;0.14233699896027993;0
0.16694635102742708;0.03572997850050989;0.14414433039397798;0
0.19561205477092833;0.04798104527152895;0.15967337293975412;0
0.23112938187083565;0.06536301284089893;0.17246063367227027;0
0.20292535732860467;0.05200314842186858;0.1630223209582205;0
0.18845416881377747;0.045241622103660145;0.1558927293092267;0
0.17758054311764648;0.04062944878170844;0.15012755112441692;0
0.21009883983999686;0.055269282952851294;0.1658696070398534;0
0.21417159973731775;0.05686456023416036;0.16715565848375177;0
0.1638827340277627;0.03477625761540717;0.14238910207686717;0
0.16697179863640937;0.03570915638523295;0.14415040868787765;0
0.19551939749869668;0.04794454916440818;0.15970304883343348;0
0.23233857936198046;0.0658403645385881;0.1729283261352387;0
0.20074171216550435;0.051080481810709295;0.16187360885225713;0
0.18020448836189437;0.041191659386217015;0.15192170313209785;0
0.18804388635821753;0.04513794784426294;0.1560791010626425;0
0.1510291788602372;0.030386947410097846;0.1341083800523162;0
0.21761608340410243;0.058649285038799376;0.16846053542073786;0
0.08255684812731597;0.009132478935358554;0.08001116168492621;0
0.16429745745212349;0.03468883589190367;0.142429804675834;0
0.20660298248241535;0.05355725225759502;0.16410045166888332;0
0.09684994631143254;0.012985922729081875;0.09282308983537693;0
0.17044253637634815;0.0375340701294577;0.14614023828165632;0
0.19213575352204382;0.04672793009840729;0.1578173631818978;0
0.1802078208451761;0.04113521446694091;0.15191883913106155;0
0.18757845212551472;0.04493851537044722;0.15583568838722714;0
0.15106787492945667;0.030442934211499698;0.13411833651315347;0
0.21770933582443314;0.05871428871299381;0.16844146254148892;0
0.08296970852893445;0.009247094456691776;0.08037239443505037;0
0.16429594021598695;0.034675885940349094;0.14243821862596112;0
0.20657693580503544;0.05354219747800432;0.16411401502589776;0
0.09633447814686916;0.012832002483288793;0.092366828293203;0
0.17050441137613867;0.03758379101887103;0.14617051702512707;0
0.10267464845159303;0.018960860159452864;0.09367956622151558;1
0.04766862549197175;0.004126087259436728;0.046354741722320375;1
0.07612145990891193;0.017345547183566765;0.06717629738316264;1
0.18169892684473318;0.05528567310298481;0.12333429507310963;1
0.08530524480871696;0.014056119684421716;0.07989219489627604;1
0.18631177128844262;0.06722619227430807;0.10815010288359618;1
0.11814141358597707;0.02062646224935893;0.10559007175462107;1
0.137417349234195;0.03561265673678467;0.10449881401928371;1
0.04703889876862716;0.004391044466518366;0.045611078108471814;1
0.14871365899284467;0.029086429665893487;0.12834610113578465;1
0.139115845880105;0.02820194353938681;0.12047261064880785;1
0.031411916174728584;1.6653389768951854e-08;0.03141191617468948;1
0.0883614042534622;0.02069163987190766;0.07756987538878796;1
0.1813993719273398;0.05514373398555506;0.12389189026706465;1
0.07425191842480403;0.012138448565564813;0.06968643614910656;1
0.13564020661718348;0.0363408648689055;0.10251493005789841;1
0.10149150458478175;0.014577539071417704;0.09669800738857881;1
0.15779806944879968;0.046205391965825494;0.11239079533691601;1
0.08932680820318163;0.016001964922886837;0.08321621806502225;1
0.15680364397227242;0.03364250536732613;0.13208017931750454;1
0.19464918416818663;0.052818718221300694;0.14712069443028086;1
0.16272773428271006;0.03975333421587102;0.12808290437555003;1
0.09637404232304464;0.01711979397734016;0.08987478829031209;1
0.16873064518529654;0.0563218219550095;0.10642091901742962;1
0.18474740999245182;0.056825781149898946;0.12518674933518487;1
0.13679817565011107;0.035509229013277056;0.10444041604711543;1
0.15433857091597786;0.05092722319015761;0.10030884603381829;1
0.09614347481284724;0.016922477519355245;0.08951773355264431;1
0.16658774783861913;0.04222095446729156;0.12799806057757718;1
0.19464885090347128;0.05297301494576219;0.1471190740241953;1
0.15642908484307785;0.034323358805977755;0.130634739083216;1
0.08998974903731359;0.01620959243785928;0.08380140733010581;1
0.1326458649321832;0.03539988893609076;0.10032712645461878;1
0.172049157626402;0.05230747845286032;0.1184883225593269;1
0.13624229869170187;0.03542350300321855;0.10424797403218497;1
0.13472632493446254;0.03541607177051743;0.10207022454475877;1
0.17731201717263775;0.04998018463174292;0.1272550275871355;1
0.19413058258657157;0.059478597813141666;0.13033055870351037;1
0.03951987652405183;0.00012926898549958632;0.039518618120583396;1
0.14984372412294106;0.029956834494688535;0.12920783466908847;1
0.1494624812422866;0.029361820235636913;0.1289801350395467;1
0.0490802072496678;0.0028792225488335887;0.04799682970916945;1
0.1379251131884274;0.035823474821651526;0.10479505595515254;1
0.17792732652268184;0.05024554794443768;0.12820228694031385;1
0.16407041039920023;0.056187616890052;0.10217983677909513;1
0.13928270501592757;0.03691321584384205;0.10495394930858473;1
0.17921167470642607;0.052458886828161834;0.12574322289212375;1
0.1761236380696691;0.05444956491271551;0.1201704372816155;1
0.04978506514027667;0.002914311165979339;0.048683880459429285;1
0.1549400927077536;0.03107151119467432;0.13326041053227744;1
0.14951946458943713;0.029431309373434477;0.12911817392606323;1
0.039296149595506064;9.54838679777877e-05;0.039295456243502204;1
0.1506674375066544;0.042717576727053;0.10940069579599863;1
0.17759714393814527;0.04952509698045332;0.12803576270816586;1
0.2935831635242784;0.06653411518237216;0.20374316941163206;1
0.041701281388789556;8.559289765413882e-05;0.041700506084261894;1
0.1700599322292917;0.05159396428583838;0.1174356427677535;1
0.13296528635205773;0.035577627958517606;0.10051836727524545;1
0.09030485507224394;0.016345264779014594;0.08406496512817155;1
0.1692081010539687;0.044008115447206245;0.12851421995705825;1
0.18435767427225558;0.04830871431222504;0.1421920109798497;1
0.18125746645931184;0.05477988059382396;0.12439085089765942;1
0.0913572268563062;0.016290561340905355;0.0851010765389888;1
0.13943801021048208;0.038186554182493164;0.10356500984356444;1
0.13738082048903302;0.03577988261602086;0.10503984562882038;1
0.1710595481134889;0.05201492762690171;0.11754202545477138;1
0.19117539547676352;0.0700537419086344;0.10901271679845595;1
0.09668496584748017;0.017383592485401472;0.09009349363582668;1
0.17125671572053075;0.04658234376375489;0.12594562176095164;1
0.19569820918352995;0.05345209826331648;0.14752115608790398;1
0.14690053329437844;0.03071353159781456;0.12597150458145298;1
0.08960306749274381;0.01587852576099242;0.08351342367518097;1
0.3217694863397693;0.051572431657461955;0.2075125023868018;1
0.06025395067537535;0.012558920839763538;0.05376635276211003;1
0.13729482263770013;0.036321675010758024;0.10361859251032385;1
0.07708030351513369;0.013936438806601467;0.07172041461458724;1
0.18091139650571594;0.054175337920425747;0.12500358428836716;1
0.09311485999051108;0.023491656765891777;0.07859573482316358;1
0.031608076686211246;6.160152061279842e-08;0.03160807668591028;1
0.14499276713261644;0.029270008392720447;0.12524417608721813;1
0.14997305050280257;0.029372512282927647;0.12936433866824035;1
0.04766225319157609;0.00374852941053454;0.0464656179854833;1
0.14159684677086656;0.03817369404125215;0.10621572631763927;1
0.12299222373829091;0.021744764502902744;0.10875708114731164;1
0.2900911980049596;0.06495331395603797;0.19969345953641598;1
0.18286852494759517;0.05576884489428097;0.12384541304132117;1
0.08003292928859411;0.018479320306345574;0.07048349471143887;1
0.04764434549381207;0.004628145801287305;0.04610300084141872;1
0.10819725218757671;0.02041086053114342;0.09737236174203796;1
0.1496752974543331;0.029506115212387843;0.1292835071681715;1
0.02259346484437457;8.045882584904177e-08;0.02259346484317563;1
0.15677393969070644;0.04559377333094074;0.111715915276321;1
0.10472016526757887;0.01579378253480366;0.09730791316625595;1
0.03748982116751688;0.000521536787224038;0.037475289612360636;1
0.1587806312061798;0.03434243283009212;0.1350734687890342;1
0.14026771071543626;0.02641627747158543;0.12270390773633633;1
0.03431070200316987;0.0027126137447087383;0.03387207995598375;1
0.1269652432748731;0.031225803831884013;0.10087006266989057;1
0.1441595519882554;0.0356833170415021;0.11672452562448367;1
0.12454587014503898;0.03434049209944819;0.09524101572985433;1
0.17669385198507404;0.0627195238844886;0.10570384452036556;1
0.1447716117690553;0.04017757218346716;0.11016449956706562;1
0.16993676736930793;0.05217034389405049;0.11906714033681606;1
0.049608417523241126;0.006612102884422625;0.04718255246747901;1
0.14686758656409277;0.0315555706909173;0.12604208520368426;1
0.1842978891214578;0.0490252865650069;0.1434070480444115;1
0.035522642241544666;0.0018507342472672671;0.03532747294324451;1
0.12306018515794079;0.029829957351077473;0.10072923098116189;1
0.18012524578778477;0.05454375532703678;0.1225691320838701;1
0.1767977883838304;0.06248812129302283;0.10538912148930371;1
0.16658948601983165;0.05714816755842333;0.10471948867194916;1
0.1400643301792544;0.0362494060058966;0.11148302659823912;1
0.16628825488202323;0.04830138494120387;0.119046746687364;1
0.08485909552154162;0.013001292573304705;0.07985890813802922;1
0.1302242699433129;0.025462076365586974;0.11433780101849926;1
0.169415052347808;0.041007212022411275;0.1356063981317565;1
0.1867562488813111;0.058892643919285295;0.126241499698474;1
0.09829616982113928;0.022629528625321634;0.08475235334880869;1
0.1387961040683552;0.036945103061101325;0.10576799029020797;1
0.1189985139614116;0.030098312139345763;0.09284990796092867;1
0.11897310278850007;0.03018080845726909;0.09279476724931315;1
0.13906309583775317;0.03732546223983307;0.10554337286229443;1
0.10431012474934528;0.021409170595600553;0.09472155340970831;1
0.13674017224003523;0.025891021052348036;0.11938728225928125;1
0.1695956380728314;0.041113312918311974;0.13557799056809697;1
0.1303770736178609;0.025356145424174983;0.11434232266346797;1
0.08496163362906553;0.013386758340874608;0.07993227251564403;1
0.1139658764203728;0.027536935077275088;0.0898234938459046;1
0.1390833959884034;0.03669512259469723;0.10555077252775677;1
0.13950394944072067;0.03663514035251748;0.10580637573651627;1
0.11429608684800217;0.027568211290209924;0.09004587636566298;1
0.1817363886327075;0.05416225889049892;0.12418224543877669;1
0.12462792583927823;0.030480275464444182;0.10181382413969736;1
0.03479796712755471;0.00237890678204756;0.03446672091897733;1
0.1861457904703592;0.049864883548243776;0.1443866049413981;1
0.14995416414177862;0.03337038218641441;0.12730486490497023;1
0.0505763135078469;0.006852317782053913;0.048034505041080276;1
0.17051843619801532;0.052033127103883144;0.11960226571314518;1
0.14525705667037891;0.040631366237568044;0.10936487099897549;1
0.17714537688863843;0.06295998859252773;0.1059064529614914;1
0.12528011913854745;0.03567879414262438;0.09450149792044242;1
0.145366779942381;0.035119394156811125;0.11876716482185172;1
0.12799459150580406;0.03169084106161823;0.10127516639668517;1
0.03373051647621253;0.003286402821873057;0.03307033671417253;1
0.14066071241534422;0.026586996279860598;0.12299631241238304;1
0.1411249894076552;0.028521991084253077;0.12363889459178175;1
0.052178180548259914;0.006982657118213383;0.049583869363185686;1
0.16631817225174664;0.04827293058962093;0.11897365367406336;1
0.1407552943405325;0.03784874380692861;0.10974404536904055;1
0.16634778290618762;0.05636189868021436;0.10571674220613123;1
0.12274401100534732;0.033726883168813136;0.09400272111439247;1
0.11722764499494903;0.028577309439965063;0.09213841796956525;1
0.13549379984997706;0.03544214722743419;0.10364182751106306;1
0.08662516589978754;0.015983280690134622;0.0804930152272274;1
0.17403475070155366;0.05135673204815708;0.12452546340004285;1
0.16922390733555392;0.04089503863584679;0.13747382941798503;1
0.13180856502230032;0.02618752497808254;0.11596376502198484;1
0.0858278253450395;0.013719917600716261;0.08072820916356267;1
0.11823411094316855;0.028823844746314845;0.09219944356267112;1
0.11934470520627756;0.02835459281826535;0.09672455553835636;1
0.11879945502592693;0.028470896624803704;0.09569157398362418;1
0.11762809544509226;0.029562527135256877;0.09124608581702041;1
0.08593038998074397;0.014043738655567163;0.08076402200226142;1
0.15458491697452803;0.03139376951519202;0.13387973187998953;1
0.17006084720254486;0.04104612997033836;0.13770857209159154;1
0.17029912705687195;0.048735382491669255;0.12472959818832464;1
0.08654812641040358;0.015955912888450115;0.0804327313335217;1
0.13585991179429338;0.03549514430751113;0.10391506585630135;1
0.11740674743141781;0.028639978509133086;0.09225098327734649;1
0.12206645335127778;0.03350644582916441;0.09364167501825611;1
0.165458222979066;0.05553486811876646;0.10624783119504959;1
0.1401499260363593;0.03765388989978798;0.10937548275581518;1
0.16485650987986514;0.048012272355621846;0.11795258432862382;1
0.05241664899381106;0.006813783329526133;0.04996128300561716;1
0.13874846462160934;0.02660516785646499;0.12278455368335779;1
0.14056220400980854;0.02654507110180826;0.12306999205180447;1
0.05285035691175145;0.00448364434471546;0.05186667686285761;1
0.1294186519572908;0.03253346508494094;0.10245692363934217;1
0.14677237682941835;0.03405798391847014;0.12174211390921404;1
0.12525379369276268;0.03754929651378293;0.09244707952013483;1
0.17420370957364134;0.06054500381344628;0.10675804374947219;1
0.1449211232575598;0.04057930976440035;0.10854240059211905;1
0.16728381234843617;0.051474849722078816;0.11730663864005998;1
0.05108003769824505;0.006939724218418383;0.04849106512150919;1
0.1443588193244568;0.029994046805649616;0.12511941671898136;1
0.13971449501490435;0.026557740050275065;0.12214064275455515;1
0.03455824151889486;0.0024276539033532985;0.034210717384161614;1
0.1248108131686163;0.030491595400143647;0.10181151642755085;1
0.18185118362391495;0.054162551727833186;0.12435920000372909;1
0.16634398179265622;0.03971712597665835;0.13596737353320953;1
0.1690213528808721;0.04130006552682042;0.13714164006439616;1
0.14375325004528372;0.03737751188631877;0.11280193250444327;1
0.15605786607246347;0.03439266892388388;0.13108058655627922;1
0.11474180095366845;0.033783596535188705;0.0898194664482176;1
0.11140686231871658;0.033943781066654466;0.08653041563312416;1
0.1527981436781855;0.03635208558146248;0.12430467525214826;1
0.14097618041550358;0.03772874431197874;0.1082508716980391;1
0.15334583215109368;0.033623977396032304;0.1295176635022781;1
0.11481918223957491;0.019349495029620654;0.10441434397403891;1
0.13640443985181872;0.035395706448380936;0.10530353913790502;1
0.14752247292778575;0.03833893371973738;0.11470349920275195;1
0.11077600274223476;0.03254951306946826;0.08752631473696192;1
0.10825376396305655;0.03225341530579738;0.0854911296678756;1
0.14702338062490714;0.040000574698808015;0.11155257561301636;1
0.14037990071920667;0.03738503473547742;0.10608707636797074;1
0.0694126725792133;0.009482301763183452;0.0659514652571744;1
0.15684642537038335;0.0353098628654505;0.13158293943858007;1
0.1938331239690103;0.05003893939779236;0.14758174767675103;1
0.12012119840124923;0.023879239996240913;0.10735265026588256;1
0.06998824518481209;0.01051018764079015;0.06621746459548662;1
0.11208779211447188;0.025344259924158917;0.09063569096848849;1
0.10798947156350658;0.027031692730396444;0.08754183405496084;1
0.1145658661609593;0.02497299713952486;0.09915196153288619;1
0.11245213190598574;0.026033934053688416;0.0878465127312266;1
0.06979915562706474;0.009724518957122927;0.06628262800499529;1
0.16132995063757577;0.03818118583152072;0.13232121542211456;1
0.14756305819486149;0.031122347475932025;0.12804021464520138;1
0.11857520574049973;0.02373684362427055;0.10605517692959666;1
0.06948786061348147;0.010096238668097437;0.06587276506237488;1
0.10150150907770544;0.025355998205997647;0.08493154655806431;1
0.11141682939719093;0.025837406788219754;0.0878177081474835;1
0.11065323934034967;0.026863453164028803;0.08672190677405867;1
0.10956769803426011;0.02364584657304107;0.09295809472971024;1
0.14719735180397525;0.03981571400792608;0.11204899058587219;1
0.13981048716976546;0.03673289032142578;0.10595092599445458;1
0.1642944655618094;0.038744188809626684;0.1349123442764944;1
0.17116618003666662;0.04204143605623908;0.13869068694058326;1
0.14477050509895503;0.03736781016856986;0.11408734392812925;1
0.15683609416398642;0.03418386050696168;0.1320889147213726;1
0.11598219755323522;0.03386113354787527;0.0908447559464464;1
0.11190463469367246;0.03427464384295604;0.08656119978661615;1
0.1528355145367841;0.036453855295456514;0.12399623233654151;1
0.1412564277611075;0.037798369255466;0.10849525436406429;1
0.15402199353410503;0.03391636281697925;0.1298531397033756;1
0.11492244113302613;0.01932366880542468;0.10450536168394894;1
0.1367689466115714;0.035586838313631505;0.10541231813758378;1
0.14778918910904976;0.03850879025884753;0.11471286231443667;1
0.11140708912802186;0.03280632751870546;0.08779710257542722;1
0.10881482136131507;0.032644928029767206;0.08557260942759813;1
0.11188784416559377;0.027190135533106875;0.08712473247211576;1
0.10978541516750492;0.02322252448676197;0.09474122352134834;1
0.06946955340345731;0.009651926198579385;0.06597480013341345;1
0.15450590648457052;0.03137353591332038;0.13363844683636972;1
0.19407130520575017;0.05024784445861578;0.14773447172664037;1
0.11998558736513681;0.02403070381047;0.1072261425022567;1
0.06998082761397204;0.010352674468779275;0.06627374853351159;1
0.11246720412495124;0.025547532406789954;0.09012783942229262;1
0.10767298257508287;0.027066402479389358;0.08777118365341688;1
0.07283608379394568;0.012662338307885393;0.06638187150416526;1
0.11277181703571795;0.02632152269871653;0.08840794511792499;1
0.06986773129535548;0.009894248717078445;0.06631087929204116;1
0.12075849136056255;0.026842392634997554;0.10588354216848556;1
0.1481957896423965;0.030820975372497842;0.12874341893412733;1
0.11835946091787311;0.02386464775327407;0.10590390746059264;1
0.06949593896351866;0.0098986890090091;0.0659409625228661;1
0.11028089782620908;0.0229242365561367;0.09631172323207014;1
0.11197923829663983;0.026491623699520427;0.08750248111882875;1
0.10954531661264577;0.033138724691321814;0.08577563494079231;1
0.110409009726996;0.033207475717707935;0.08652561191794976;1
0.14748953144947535;0.03903444899535653;0.11361704200623002;1
0.13737262664218117;0.035489734869332275;0.10562434885597345;1
0.17148282211781063;0.04175062850683725;0.13932282083436132;1
0.1640343767716314;0.03894295613037717;0.1342615526638884;1
0.14317069444008385;0.03786464654659906;0.11111222188542326;1
0.15483481195394952;0.03561742163355877;0.12778049769412586;1
0.11407302435991903;0.0351009410605765;0.08777795570601289;1
0.1141300734174179;0.03482520024597021;0.08812339380527276;1
0.15489087588117484;0.035091184496560034;0.1286208042942972;1
0.14283755081910487;0.03769003535214657;0.11097093012851683;1
0.16416973214693578;0.03899500078350875;0.13438626239576262;1
0.1700429426069613;0.04121133459226231;0.1383540462109941;1
0.13873409878161394;0.03631649397879905;0.10577466277734902;1
0.14754429566410227;0.03978501812845;0.11241669921474029;1
0.014343525964300507;0.00022282606113724815;0.014336586310927496;1
0.14889628873099056;0.02929812331901566;0.1286334956084203;1
0.10816070146067325;0.020592240304404645;0.09831056032126528;1
0.04291222248484505;0.0017643061905653723;0.042563579984544915;1
0.07594997469537297;0.01726384753740853;0.06701189081638968;1
0.18147357313043908;0.05503634866721698;0.12350766714459602;1
0.08490874433415703;0.013958565846206862;0.07952787766460345;1
0.18444331073557765;0.06657516211680004;0.10730215360096315;1
0.11769549904565794;0.020449248409887544;0.10516134291194909;1
0.1377125862527458;0.035688407464615546;0.1045423792584305;1
0.04719038602282166;0.004204883140730056;0.045844524240032006;1
0.14886761013023822;0.029226752512850503;0.12841707560867388;1
0.13914191128456418;0.02811643235590528;0.12055300934826464;1
0.03141248442408505;8.469000668332957e-08;0.03141248442320168;1
0.08808613458381488;0.020813568272507056;0.07714599446214454;1
0.18097802849983177;0.05463001692653826;0.12415809580715448;1
0.07378692953377688;0.012373623409308138;0.06914649084253426;1
0.13616693346457553;0.03633631791309795;0.10288446844645044;1
0.10092587969461404;0.014435558420572498;0.09600462441448918;1
0.15576416202140492;0.04525118287335012;0.11142563956376292;1
0.08941847240770454;0.015945506264776345;0.0833228037681988;1
0.15828394485908534;0.034900324299618105;0.13170724822071425;1
0.19515198902319608;0.05295793134839957;0.14736859176630915;1
0.1949190393466822;0.0610711637565841;0.1297094212203243;1
0.09151226114072901;0.01630081514670344;0.08530962613517762;1
0.15232845081468813;0.04971111268301895;0.10004946765303209;1
0.18776184077611174;0.05772248169338149;0.12698396480319887;1
0.1370506976947808;0.03555966195254396;0.10448280233840077;1
0.1573240899016007;0.052821131704617615;0.10053205882805274;1
0.09614520992340041;0.01674193998650403;0.08962162640957753;1
0.16824157508950294;0.04345890349564101;0.1276969073975648;1
0.19517646091830287;0.05326030866288143;0.1473196920219303;1
0.1553096110506133;0.032872116882610346;0.13166704903077692;1
0.09001623663018368;0.016138851040946867;0.08384814326126705;1
0.13322399002155647;0.03535283611496129;0.10090929156883993;1
0.17500635563977737;0.053309744123073516;0.12002675938657703;1
0.1906314715406848;0.05751402124047259;0.12959924064370806;1
0.13480858594528028;0.035573186988468314;0.10203336482429394;1
0.1780772624663695;0.05069524114624519;0.12709178747225586;1
0.19514086242732248;0.0598505845425693;0.13096097495664563;1
0.03961271761209134;0.00014250960375860596;0.03961119417358196;1
0.15015617811438028;0.0300820148060684;0.12943619979311602;1
0.14975477898236242;0.029414205161306634;0.12922963233871063;1
0.049145227095220914;0.0028762828140320097;0.04806051011330389;1
0.13808968919463954;0.035907906880728944;0.1049902634824605;1
0.17852372719818757;0.05059342556927672;0.1282938551747768;1
0.17128986844461852;0.0602469399121678;0.10340078636271724;1
0.13943324548708697;0.037030420341466724;0.10506035854723599;1
0.18010888797603306;0.05301932725595673;0.1257249541339565;1
0.17908579255382184;0.05557315332808066;0.1216276173271936;1
0.04679546122248799;0.00534328327576985;0.04475142763327164;1
0.1499045196460918;0.029682828811083094;0.129832621341624;1
0.14990219214772343;0.029558343710883707;0.12942498013135112;1
0.0393601709058695;9.99082854974459e-05;0.039359413418809504;1
0.15394867090655898;0.04438002390830162;0.110617249580221;1
0.1783712301783859;0.050007882588173624;0.12819945124400398;1
0.13884687657728487;0.036472409009462727;0.10476597399483886;1
0.14048697502117988;0.036648875598396406;0.10586163224075656;1
0.17075668540342606;0.05191009236922174;0.11769099200835263;1
0.1335738704151008;0.035599292490950875;0.10107809474086958;1
0.09053942174137672;0.01643337814421928;0.08426407105083018;1
0.16885230669753845;0.04343694799194878;0.1291231418052792;1
0.18527325737376488;0.048705521197260924;0.14266840039559509;1
0.1824870727228808;0.05535396058997283;0.12483500709779044;1
0.09150987345222472;0.01627296967772647;0.08525936159676467;1
0.13982599008468632;0.038029487577195896;0.10424938374131312;1
0.13777177388562187;0.03592673566568563;0.10523858750539812;1
0.1707816846719945;0.051897269512855136;0.11730248093200965;1
0.1900517206103543;0.06936128791405576;0.10882914474263919;1
0.09694145038125766;0.017475128320242925;0.09031207166618561;1
0.17139891978138297;0.04627049164134596;0.1265882163945086;1
0.19701950759011375;0.0539554148017086;0.14812672095071852;1
0.14939446353157523;0.03268418641669185;0.12583428942771765;1
0.08984947931709282;0.015808446136160503;0.08374833329491634;1
0.32388767765035487;0.05178749503184915;0.2081481570483146;1
0.0609660121326592;0.012444888530687911;0.0544781992003168;1
0.13848401356663592;0.03636369623755473;0.1043765261671756;1
0.08785605387863835;0.0149312256016656;0.08217973411837878;1
0.18087888860431273;0.05372027723798429;0.12574072757083082;1
0.09297754756256567;0.02377786613823645;0.0778191275599641;1
0.0316647650297015;1.2322671539448283e-07;0.031664765028502344;1
0.14535999626613055;0.02908716852974007;0.12561278835710854;1
0.150440726595622;0.029870363015032805;0.1296895546584102;1
0.048210073994230045;0.0032648267898643325;0.047102334760427966;1
0.13891374796134345;0.03619827671200893;0.10546160488906481;1
0.13758046557706058;0.02620837538101705;0.12115833167613299;1
0.13037518644614052;0.033992419485746904;0.09915923722311708;1
0.08847391746979907;0.01508508513869787;0.08268099510470432;1
0.1823795389516473;0.05513393883818562;0.12463754673051576;1
0.07953353356571037;0.018807676132415112;0.06984682055116871;1
0.0428545263457657;0.002584874965126469;0.04201427895338008;1
0.11410400312346647;0.0226274797186221;0.10200039313304389;1
0.15041593337380996;0.02994340282916698;0.12971977902636872;1
0.022679139816896433;9.753501004335409e-08;0.022679139815754833;1
0.15250814917684397;0.043577756582384546;0.11023300148642541;1
0.11829953296492679;0.019714032860117192;0.10924106390573857;1
0.033847513697747356;0.0030561744770809867;0.03327999364452281;1
0.13893316406416242;0.026318127877561263;0.12154581201250544;1
0.1404573396062354;0.02742672180529681;0.12363694549487045;1
0.050970340467233644;0.006964625438105983;0.048357241567929546;1
0.1656474918796788;0.0507293831781577;0.11666595816981017;1
0.1435911413709376;0.03995751793845811;0.1082401768807448;1
0.17191968917783246;0.05935122517762901;0.1062135541885312;1
0.1236788358695272;0.035737103443847784;0.09314441440493498;1
0.1449002732258605;0.03300989025838791;0.12127715159523487;1
0.1267929417231388;0.031227954819688174;0.1009428465956377;1
0.052583717959635325;0.004740724969322852;0.0514685273896303;1
0.13980052770780804;0.026267626070773847;0.1223572198199578;1
0.13789462658324358;0.026314359373757604;0.1221782551472121;1
0.052044416732373464;0.006714813407090105;0.04965031145214306;1
0.16253178613988747;0.04769523521362824;0.11653129725729362;1
0.13912312600146623;0.03740645155531354;0.10873558249687923;1
0.12132034795456847;0.03669418832369493;0.08964121759054346;1
0.12137601233947426;0.033327086445093454;0.09321280336461979;1
0.18047380326477952;0.0529112900843071;0.12459895459522674;1
0.12311777310566858;0.029790191939508284;0.10107901682283228;1
0.11949271489056026;0.030412913803093734;0.09857226630896458;1
0.13289277841172806;0.025190284508618876;0.11627276686694707;1
0.16776181563896347;0.04065537588315509;0.1357872021844462;1
0.1327246357396236;0.02568232576921718;0.11642047963987978;1
0.0853687141243862;0.013167702485057506;0.08033973480307162;1
0.11813852655600321;0.028990523550520206;0.093087975955759;1
0.14148719425604617;0.037133619589645624;0.10728780822379917;1
0.118272617717267;0.02846785052567295;0.09419211115971828;1
0.11434419410585149;0.02958968621206909;0.08960246647612008;1
0.0859165484113532;0.014763581648347436;0.08050597003260387;1
0.16663529260280768;0.04465130313751145;0.12707535480379867;1
0.16860485998812197;0.04034128651085436;0.13571082396472672;1
0.14940321450379934;0.030752943204843206;0.12945767394030147;1
0.08525134727870765;0.01469165821586902;0.07986031081995389;1
0.1363412707377108;0.035268347213487726;0.10511490859297681;1
0.11634571247676768;0.027876885767136397;0.09341248375719713;1
0.1164985665968472;0.029423929104467565;0.09103415253152687;1
0.11521859220593027;0.0279639600937807;0.09219388454140304;1
0.18017037048815188;0.051855246290095525;0.12711735018279466;1
0.1553630420643272;0.04594815180909841;0.11226751031034182;1
0.03367328343050051;0.003348435759378731;0.0329854539896005;1
0.1391899629706441;0.026384734260292295;0.12182414269404858;1
0.13976204626535382;0.02650164167545403;0.12336586145441863;1
0.05160402652791301;0.007125014671618223;0.048884359197106264;1
0.16461688837134605;0.05040904279660132;0.11592551174165508;1
0.1853668002126661;0.053010490294019844;0.13092125707342367;1
0.1298249573112556;0.040705708833327664;0.09269606575758055;1
0.12480907397256635;0.037822287056466536;0.09165760822762885;1
0.184435109682144;0.055743148807646865;0.12521865154891612;1
0.12887767775118508;0.03234207305978817;0.1027580666977945;1
0.05232060127396912;0.005493470032485108;0.05078365835141651;1
0.1399805411321947;0.02637867449080199;0.12272010994606856;1
0.138566398757861;0.02639221637622938;0.12219425093110037;1
0.052391781570328366;0.005831216309040228;0.05063903373065394;1
0.16090747166885316;0.04840800431047083;0.11491250252935391;1
0.13994188945435485;0.03839812713176096;0.10740606966437707;1
0.1206488124514868;0.036598340863590345;0.08917366198374263;1
0.11940624865691886;0.0337415705669136;0.09143285757712478;1
0.11688644146142071;0.02857873583247789;0.09214386981647893;1
0.13507637671606892;0.03521950087091649;0.10337782790366051;1
0.0861106861833478;0.01568479149728988;0.08016503122512747;1
0.1705762150075576;0.04923157434121132;0.12415264704972785;1
0.19639622285533193;0.05434564666654797;0.14888462675569522;1
0.13114479667773973;0.026011791618119128;0.11545325365759204;1
0.08555995388280213;0.013614892498257291;0.08048534372211089;1
0.11765513254760494;0.028653370255520616;0.09183945840910192;1
0.11904988539514377;0.028092274974018065;0.09673470301247863;1
0.11840583750586851;0.02830094754393223;0.09542994519557149;1
0.11664831945248164;0.029254886395559166;0.09067390701650281;1
0.08567573525951772;0.014028659332670026;0.0805184569329915;1
0.15505473636249317;0.033194431399474804;0.1321763908605677;1
0.16899497960397755;0.040625470221386344;0.136972401288017;1
0.16514486506112658;0.04528387337681373;0.1246887372002167;1
0.08607299004080338;0.015658873960245633;0.08014375531649624;1
0.13536254020968405;0.03520290304527323;0.10364057355381324;1
0.11704832398449275;0.028634975734196405;0.09222976863612359;1
0.11928220721592667;0.03336479555232157;0.09175433858823967;1
0.12054987686648046;0.03645948448314754;0.08919991166389983;1
0.1398343326309283;0.0382918996352109;0.10786893048894111;1
0.16120402796059347;0.04825639376597579;0.1151818072571536;1
0.052402353730634836;0.006196192517623544;0.05040267002363843;1
0.13864250644201778;0.02645840407974003;0.12224710636979944;1
0.14012340855892214;0.02643705835288071;0.122862358930857;1
0.052361565657460835;0.005228703781221502;0.05098166055060154;1
0.13003281133664393;0.03277943377665213;0.1036667668405051;1
0.18493576873211948;0.05577224425689593;0.12565265538618242;1
0.12522099654816848;0.03855838139768107;0.0911849135531474;1
0.12880084873752115;0.04049740378171819;0.09199688585106677;1
0.1851177172286585;0.053335377618359485;0.13001984478404124;1
0.1630825401107737;0.04971978672871809;0.11522978083506934;1
0.0517990010325251;0.0071367670716767275;0.04907459780391262;1
0.13993403970450496;0.026502666779357593;0.12326016923504925;1
0.13929893841379182;0.02645294163284826;0.12189909306402508;1
0.033824252602251415;0.0030926793804790923;0.03324250296742513;1
0.15510621873462155;0.045651575933196346;0.11224176538398485;1
0.18112692476004022;0.05265681426466581;0.12619830616731917;1
0.16143091425996756;0.037429321127188095;0.13318672875705123;1
0.17494077846521328;0.04356021646495478;0.1410953237026661;1
0.1455086379368838;0.03703718666853623;0.1155872655943051;1
0.09772002665193454;0.018682556123786012;0.09010589511368725;1
0.11695261176586418;0.033034289971513725;0.09267992037236965;1
0.1103969686813884;0.033052912351302886;0.08649208195702356;1
0.15187800884903227;0.037183209306791365;0.12173029642178446;1
0.14044261017499793;0.037672631682569145;0.10737039842849672;1
0.14885462572774677;0.030913313964340335;0.12791209397697656;1
0.11455692151763532;0.019356317920872446;0.10465900239987828;1
0.05523513100231257;0.0051065236274851515;0.05426452003454224;1
0.1366715455057268;0.035884951125301934;0.10560424843095839;1
0.14822734647789346;0.037370382185857975;0.11695836081013046;1
0.11235928507538015;0.03149649131514826;0.09010734929378801;1
0.1073675725224753;0.030873192073977318;0.08613702180034909;1
0.14722102178242039;0.040746621298543326;0.11055815648827644;1
0.09405987878937473;0.01653638663542764;0.08792951864121862;1
0.06946914446346061;0.009167399408091723;0.06604658405302864;1
0.16299960249231676;0.04213568527205332;0.12890628163885012;1
0.193984819982644;0.05003839950086415;0.14771372664815224;1
0.12089714158814738;0.023719305334266916;0.10793894047111519;1
0.0701653365557651;0.010839014052574637;0.06623891348405152;1
0.1119026085096171;0.02510727177321169;0.09177857923839149;1
0.10870794761334396;0.02701201329361161;0.08741963818885293;1
0.10981747457597596;0.023567065086111345;0.09540918584072595;1
0.1111025800722277;0.026195057663177593;0.08728733917410614;1
0.06983130223406864;0.009397789114312041;0.06637131336764232;1
0.16703567961827398;0.044287634654950156;0.12984669175361177;1
0.14712864947827503;0.031674146783392955;0.1273247212377488;1
0.11926779231311664;0.02357749212916369;0.10656959143511723;1
0.06961565761335495;0.010425681674197985;0.06587691597995143;1
0.10203577081055354;0.025474453761697286;0.08475456629741272;1
0.11082576231702276;0.02564215639687535;0.08834916631419691;1
0.10961309010421837;0.02657562192254225;0.0865924594882973;1
0.10961207120307802;0.023929069332867068;0.09189887438810203;1
0.14731173395717792;0.040389037331347924;0.11126399853337667;1
0.09477445533183505;0.017021912724882477;0.08833353321326189;1
0.16101040244561626;0.03718311517115424;0.13301482761253047;1
0.11616608039294611;0.019294470959209085;0.1047574606783536;1
0.14632945442645484;0.03713048638009255;0.11641127866176881;1
0.09787829038703581;0.01871508219821884;0.09025455203515628;1
0.11802697113872906;0.03329653671333036;0.09333019808722624;1
0.11086887275366547;0.0333410125562891;0.08658874510211685;1
0.15198031751748453;0.037301353451864624;0.12152141742619156;1
0.14073655882314506;0.03776938382860598;0.10758793566064888;1
0.14945203411818525;0.031189774767369692;0.12820130890843326;1
0.11470615150103956;0.019348904895656643;0.10475536228110106;1
0.055311161361963374;0.005030175077096294;0.05437138102614533;1
0.1369968370883342;0.03598156037863767;0.10568332003952985;1
0.1484664159229456;0.03770805781430826;0.1166712365101708;1
0.11272918728125554;0.031908790024012826;0.08998894097200483;1
0.10807295478554683;0.03165643489166742;0.08592915806881099;1
0.11159511517857507;0.027337040431983598;0.08696128842333367;1
0.10970011178670913;0.023410178919344233;0.09402887770651422;1
0.06950232786224478;0.009510431806455518;0.0660340039759368;1
0.15605895434136177;0.03393508360315278;0.13243428542754085;1
0.19437977342869736;0.05028486325050674;0.1477841601912817;1
0.12025098804496923;0.023995296577316777;0.1074350709311566;1
0.07004304880611066;0.010445074980118298;0.06629945379354835;1
0.1124173113797935;0.025490302255425003;0.09055482873808046;1
0.10790711240624805;0.02709628302988143;0.0877297253095872;1
0.11842985689686346;0.026288555554269764;0.10152399496773869;1
0.11271109670820978;0.026134462779699674;0.08815557122001616;1
0.06989095868435764;0.009766496935520215;0.06636475892444317;1
0.12247144454168708;0.02876589860998436;0.10558892787606343;1
0.14800295350267723;0.031115731450986152;0.12839242604660642;1
0.11881643647198889;0.0238106647775105;0.10623285469748717;1
0.0695695328680765;0.01010446714859596;0.0659513143368759;1
0.10175993547335933;0.025466029694019135;0.08498779978366036;1
0.11159619928854489;0.025901236112568442;0.08798007354495258;1
0.1106354063758151;0.03356214054578403;0.08636153225925038;1
0.11002938871845122;0.033395866519673655;0.08599313383340995;1
0.14744902857670206;0.03962948781674554;0.11265276983780802;1
0.13873994840994952;0.03623637057488018;0.10584881970446192;1
0.16792494856291565;0.04033563035258716;0.13700677272477835;1
0.16838874856558805;0.040961886698834715;0.13676269830206939;1
0.144286465255762;0.037827275223278695;0.11263499034180896;1
0.15617573164579046;0.03506688156741327;0.13015412873466595;1
0.1151236252933574;0.03463767682454283;0.08920664331112148;1
0.11332475081897056;0.034976632783668776;0.08721860878092591;1
0.1542466309175703;0.035571957796855486;0.1271300369553114;1
0.14251979323539685;0.03778728857595481;0.11032078706205445;1
0.16314267486441578;0.038479058385574534;0.13380441968067022;1
0.17166656239565486;0.04185389381866624;0.13937806190396865;1
0.13836478794963664;0.036084278130814496;0.10576553235870875;1
